<?xml version="1.0" encoding="UTF-8"?>
<project-private xmlns="http://www.netbeans.org/ns/project-private/1">
    <editor-bookmarks xmlns="http://www.netbeans.org/ns/editor-bookmarks/2" lastBookmarkId="0"/>
    <open-files xmlns="http://www.netbeans.org/ns/projectui-open-files/2">
        <group>
            <file>file:/C:/Users/laros/Desktop/UTP/CICLO%202024-I/sistema%20de%20ventas/sistema%20de%20ventas/src/sistema/de/ventas/SistemaDeVentas.java</file>
            <file>file:/C:/Users/laros/Desktop/UTP/CICLO%202024-I/sistema%20de%20ventas/sistema%20de%20ventas/src/vista/Sistema.java</file>
            <file>file:/C:/Users/laros/Desktop/UTP/CICLO%202024-I/sistema%20de%20ventas/sistema%20de%20ventas/src/vista/Login.java</file>
            <file>file:/C:/Users/laros/Desktop/UTP/CICLO%202024-I/sistema%20de%20ventas/sistema%20de%20ventas/src/Modelo/Conexion.java</file>
        </group>
    </open-files>
</project-private>
